num_centres,num_gasolineres,temps_hc_ms,temps_hc_std,temps_sa_ms,temps_sa_std,benefici_hc,benefici_hc_std,benefici_sa,benefici_sa_std
10,100,539.0711333408641,352.01876813525877,66.32183334052873,18.581018899432067,78966.66666666667,5329.759802801206,78905.33333333333,5364.211612364134
20,200,4175.50203333182,372.00220027670815,450.31529999687336,50.45853206396561,146588.0,11713.316865858278,146541.33333333334,11717.812916903715
30,300,32948.10843333835,11863.971090836689,2050.472699998257,94.9560749745511,227850.66666666666,2322.5189390448945,227730.66666666666,2310.0045214000966
40,400,132088.97266665977,23286.23573014741,5076.018333328345,1276.5405549398447,305941.3333333333,8269.481456267711,305804.0,8281.66553297101
50,500,178838.75303334207,23780.43553797647,9068.708166664388,415.9611803005159,379788.0,4604.92374167767,379674.6666666667,4586.5197650893815
